{"cameraMode":{"drawMode":0,"name":"Shaded","section":"Shading Mode"},"sceneLighting":false,"audioPlay":false,"sceneViewState":{"showFog":true,"showMaterialUpdate":false,"showSkybox":false,"showFlares":true,"showImageEffects":true,"showParticleSystems":true},"in2DMode":false,"pivot":{"x":5.801359176635742,"y":9.054909706115723,"z":3.249985694885254},"rotation":{"x":-0.21145561337471009,"y":0.12335748970508576,"z":-0.026913629844784738,"w":-0.9691981077194214},"size":22.12487030029297,"orthographic":false}